{"cameraMode":{"drawMode":0,"name":"Shaded","section":"Shading Mode"},"sceneLighting":false,"audioPlay":false,"sceneViewState":{"m_AlwaysRefresh":false,"showFog":false,"showSkybox":false,"showFlares":false,"showImageEffects":false,"showParticleSystems":false,"showVisualEffectGraphs":true,"m_FxEnabled":true},"in2DMode":false,"pivot":{"x":0.19933277368545533,"y":0.5211354494094849,"z":0.05348356068134308},"rotation":{"x":-0.006368178408592939,"y":0.967316210269928,"z":-0.2524758279323578,"w":-0.024373453110456468},"size":0.476834237575531,"orthographic":false}