{"cameraMode":{"drawMode":0,"name":"Shaded","section":"Shading Mode"},"sceneLighting":false,"audioPlay":false,"sceneViewState":{"m_AlwaysRefresh":false,"showFog":false,"showSkybox":false,"showFlares":false,"showImageEffects":false,"showParticleSystems":false,"showVisualEffectGraphs":true,"m_FxEnabled":true},"in2DMode":false,"pivot":{"x":0.19933277368545533,"y":0.5211354494094849,"z":0.05348356068134308},"rotation":{"x":0.11540187150239945,"y":0.8795717358589172,"z":-0.2723918855190277,"w":0.37272030115127566},"size":1.0768342018127442,"orthographic":false}