{"cameraMode":{"drawMode":0,"name":"Shaded","section":"Shading Mode"},"sceneLighting":true,"audioPlay":false,"sceneViewState":{"m_AlwaysRefresh":false,"showFog":true,"showSkybox":true,"showFlares":true,"showImageEffects":true,"showParticleSystems":true,"showVisualEffectGraphs":true,"m_FxEnabled":true},"in2DMode":false,"pivot":{"x":30.32046890258789,"y":0.6388635635375977,"z":15.161616325378418},"rotation":{"x":-0.08202487975358963,"y":0.8637301921844482,"z":-0.14945153892040254,"w":-0.47432899475097659},"size":10.392304420471192,"orthographic":false}