{"cameraMode":{"drawMode":0,"name":"Shaded","section":"Shading Mode"},"sceneLighting":true,"audioPlay":false,"sceneViewState":{"m_AlwaysRefresh":false,"showFog":true,"showSkybox":true,"showFlares":true,"showImageEffects":true,"showParticleSystems":true,"showVisualEffectGraphs":true,"m_FxEnabled":true},"in2DMode":false,"pivot":{"x":31.399892807006837,"y":12.210405349731446,"z":25.740463256835939},"rotation":{"x":0.5959002375602722,"y":0.006974698510020971,"z":-0.005177160259336233,"w":0.8030388355255127},"size":64.03838348388672,"orthographic":false}